objectid,filename,title,format,subject,creator,date,description,,location,latitude,longitude,source,identifier,type,youtubeid,language,rights,rightsstatement,polaridad,tipologia,soporte,iluminacion,tono,proceso
demo_001,demo_001.jpg,"Administration Building, University of Idaho, No. 30",image/jpeg,universities; buildings; campuses; picture postcards,Pacific Photo Co.,1910,"Photographic postcard of the University of Idaho administration building in Moscow, Idaho.",,"Moscow, Idaho",46.725562,-117.009633,"PG 9, Postcard Collection, University of Idaho Library Special Collections and Archives",pg_9_12_01bl,Image;StillImage,,eng,,http://rightsstatements.org/vocab/NoC-US/1.0/,,,,,,
demo_002,demo_002.pdf,"Spokane County Court House, Spokane, Washington",application/pdf,public buildings; county courthouses; trees; picture postcards,Spokane Post Card Co.,1912-09-08,"Postcard is of the Spokane County Courthouse in Spokane, Washington. Postmark 9/8/1912, Spokane, WA. Destination San Francisco, CA.",,"Spokane, Washington",47.66432,-117.428031,"PG 107, Knowles Postcard Collection, University of Idaho Library Special Collections and Archives",Postcard_032,Image;StillImage,,eng,,http://rightsstatements.org/vocab/NoC-US/1.0/,,,,,,
demo_003,demo_003.mp3,Good News - Power,audio/mpeg,Frank B. Robinson; Failure; Success; Material Abundance,Frank B. Robinson,1947,Psychiana radio program episode begins with assurance that there is a Power that can get people what they desire. Robinson then discusses his early life failures and childhood seeking of some force that could turn his failures into success. He asserts the God-Power can turn our failures into success and bring us material and spiritual abundance.,,,,,"Psychiana Digital Collection, Digital Initiatives, University of Idaho Library",Good_News_08,Audio,,eng,,https://rightsstatements.org/page/InC-EDU/1.0/?language=en,,,,,,
demo_004,,"University of Idaho vs. University of Southern California (American Football), 10/30/1925",video/mp4,American Football,Vandal Athletics,1925-10-30,"Idaho Football vs. University of Southern California 10/30/1925 at Neale Stadium in Moscow, ID. Score: 7 - 51 (L).",,"Moscow, Idaho",46.726113,-117.015671,"Vandal Video Collection, Digital Initiatives, University of Idaho Library","MG 23, Item 29",Image;MovingImage,CVXQ3X6Q8oU,eng,"CC - Attribution 4.0 International. Digital reproduction rights assigned to the University of Idaho Library by donor/contributing institution/source (as applicable). For more information, please contact University of Idaho Library Special Collections and Archives Department at libspec@uidaho.edu.",https://creativecommons.org/licenses/by/4.0/,,,,,,
demo_005,https://digital.lib.uidaho.edu/digital/iiif/expforsav/390/full/pct:50/0/default.jpg ,Ford pumper used for slash burning control,image/jpeg,,,1932-09-01,Ford pumper used for slash burning control. September 1932. From the photo series depicting the broadcast burn at the mouth of Benton Creek.,,Bonner County;Priest River Experimental Forest;Benton Creek,48.34472222,-116.8483333,"The sources for the photos in this collection were as follows: Priest River Experimental Forest, Moscow Foresty Sciences Lab, USDA-Forest Service Region 1 archive, University of Montana Library Gisborne Collection, and Ms. Susan Marsh",FirePump1,Image;StillImage,,eng,"Material produced by the United States Forest Service and is in Public Domain. For more information, please contact University of Idaho Library Special Collections and Archives Department at libspec@uidaho.edu.",https://creativecommons.org/publicdomain/mark/1.0/,,,,,,
id_demo_006,demo_006.jpg,title_demo_006,image/jpeg,,,,,,,,,,,,,,,,positivo,imagen_camara,metal,reflexion,monocromatico,
demo_007,demo_007.jpg,demo_007,image/jpeg,,,,,,,,,,,,,,,,positivo,imagen_camara,metal,reflexion,monocromatico,
demo_008,demo_008.jpg,demo_008,image/jpeg,,,,,,,,,,,,,,,,positivo,imagen_camara,vidrio,reflexion,monocromatico,
demo_009,demo_009.jpg,demo_009,image/jpeg,,,,,,,,,,,,,,,,positivo,imagen_camara,vidrio,reflexion,monocromatico,
demo_010,demo_010.jpg,demo_010,image/jpeg,,,,,,,,,,,,,,,,positivo,imagen_camara,vidrio,reflexion,monocromatico,
demo_011,demo_011.jpg,demo_011,image/jpeg,,,,,,,,,,,,,,,,positivo,imagen_camara,vidrio,reflexion,monocromatico,
demo_012,demo_012.jpg,demo_012,image/jpeg,,,,,,,,,,,,,,,,positivo,imagen_camara,vidrio,reflexion,monocromatico,
demo_013,demo_013.jpg,demo_013,image/jpeg,,,,,,,,,,,,,,,,positivo,imagen_camara,vidrio,reflexion,monocromatico,
demo_014,demo_014.jpg,demo_014,image/jpeg,,,,,,,,,,,,,,,,positivo,imagen_camara,vidrio,reflexion,monocromatico,
demo_015,demo_015.jpg,demo_015,image/jpeg,,,,,,,,,,,,,,,,positivo,imagen_camara,vidrio,reflexion,monocromatico,
demo_016,demo_016.jpg,demo_016,image/jpeg,,,,,,,,,,,,,,,,positivo,imagen_camara,vidrio,reflexion,monocromatico,
demo_017,demo_017.jpg,demo_017,image/jpeg,,,,,,,,,,,,,,,,positivo,imagen_camara,vidrio,reflexion,monocromatico,
transparencia_001,transparencia_001.jpg,transparencia_001,image/jpeg,,,,,,,,,,,,,,,,positivo,transparencia,plastico,transmision,monocromatico,
transparencia_002,transparencia_002.jpg,transparencia_002,image/jpeg,,,,,,,,,,,,,,,,positivo,transparencia,plastico,transmision,monocromatico,
transparencia_003,transparencia_003.jpg,transparencia_003,image/jpeg,,,,,,,,,,,,,,,,positivo,transparencia,plastico,transmision,monocromatico,
transparencia_004,transparencia_004.jpg,transparencia_004,image/jpeg,,,,,,,,,,,,,,,,positivo,transparencia,plastico,transmision,monocromatico,
transparencia_005,transparencia_005.jpg,transparencia_005,image/jpeg,,,,,,,,,,,,,,,,positivo,transparencia,plastico,transmision,monocromatico,
transparencia_006,transparencia_006.jpg,transparencia_006,image/jpeg,,,,,,,,,,,,,,,,positivo,transparencia,plastico,transmision,monocromatico,
transparencia_007,transparencia_007.jpg,transparencia_007,image/jpeg,,,,,,,,,,,,,,,,positivo,transparencia,vidrio,transmision,monocromatico,
transparencia_008,transparencia_008.jpg,transparencia_008,image/jpeg,,,,,,,,,,,,,,,,positivo,transparencia,vidrio,transmision,monocromatico,
transparencia_009,transparencia_009.jpg,transparencia_009,image/jpeg,,,,,,,,,,,,,,,,positivo,transparencia,vidrio,transmision,monocromatico,
transparencia_010,transparencia_010.jpg,transparencia_010,image/jpeg,,,,,,,,,,,,,,,,positivo,transparencia,vidrio,transmision,policromatico,
transparencia_011,transparencia_011.jpg,transparencia_011,image/jpeg,,,,,,,,,,,,,,,,positivo,transparencia,vidrio,transmision,policromatico,
transparencia_012,transparencia_012.jpg,transparencia_012,image/jpeg,,,,,,,,,,,,,,,,positivo,transparencia,vidrio,transmision,policromatico,
transparencia_013,transparencia_013.jpg,transparencia_013,image/jpeg,,,,,,,,,,,,,,,,positivo,transparencia,vidrio,transmision,policromatico,
transparencia_014,transparencia_014.jpg,transparencia_014,image/jpeg,,,,,,,,,,,,,,,,positivo,transparencia,plastico,transmision,policromatico,
transparencia_015,transparencia_015.jpg,transparencia_015,image/jpeg,,,,,,,,,,,,,,,,positivo,transparencia,plastico,transmision,policromatico,
transparencia_016,transparencia_016.jpg,transparencia_016,image/jpeg,,,,,,,,,,,,,,,,positivo,transparencia,plastico,transmision,policromatico,
transparencia_017,transparencia_017.jpg,transparencia_017,image/jpeg,,,,,,,,,,,,,,,,positivo,transparencia,plastico,transmision,policromatico,
transparencia_018,transparencia_018.jpg,transparencia_018,image/jpeg,,,,,,,,,,,,,,,,positivo,transparencia,plastico,transmision,policromatico,
transparencia_019,transparencia_019.JPG,transparencia_019,image/jpeg,,,,,,,,,,,,,,,,positivo,transparencia,plastico,transmision,policromatico,
transparencia_020,transparencia_020.JPG,transparencia_020,image/jpeg,,,,,,,,,,,,,,,,positivo,transparencia,plastico,transmision,policromatico,
transparencia_021,transparencia_021.jpg,transparencia_021,image/jpeg,,,,,,,,,,,,,,,,positivo,transparencia,plastico,transmision,policromatico,
transparencia_022,transparencia_022.jpg,transparencia_022,image/jpeg,,,,,,,,,,,,,,,,positivo,transparencia,plastico,transmision,policromatico,
transparencia_023,transparencia_023.jpg,transparencia_023,image/jpeg,,,,,,,,,,,,,,,,positivo,transparencia,plastico,transmision,policromatico,
transparencia_024,transparencia_024.jpg,transparencia_024,image/jpeg,,,,,,,,,,,,,,,,positivo,transparencia,plastico,transmision,policromatico,
transparencia_025,transparencia_025.jpg,transparencia_025,image/jpeg,,,,,,,,,,,,,,,,positivo,transparencia,plastico,transmision,policromatico,
transparencia_026,transparencia_026.jpg,transparencia_026,image/jpeg,,,,,,,,,,,,,,,,positivo,transparencia,plastico,transmision,policromatico,
transparencia_027,transparencia_027.jpg,transparencia_027,image/jpeg,,,,,,,,,,,,,,,,positivo,transparencia,plastico,transmision,policromatico,
transparencia_028,transparencia_028.jpg,transparencia_028,image/jpeg,,,,,,,,,,,,,,,,positivo,transparencia,plastico,transmision,policromatico,
transparencia_029,transparencia_029.jpg,transparencia_029,image/jpeg,,,,,,,,,,,,,,,,positivo,transparencia,plastico,transmision,policromatico,
transparencia_030,transparencia_030.jpg,transparencia_030,image/jpeg,,,,,,,,,,,,,,,,positivo,transparencia,plastico,transmision,policromatico,
transparencia_031,transparencia_031.jpg,transparencia_031,image/jpeg,,,,,,,,,,,,,,,,positivo,transparencia,plastico,transmision,policromatico,
transparencia_032,transparencia_032.jpg,transparencia_032,image/jpeg,,,,,,,,,,,,,,,,positivo,transparencia,plastico,transmision,policromatico,
transparencia_033,transparencia_033.jpg,transparencia_033,image/jpeg,,,,,,,,,,,,,,,,positivo,transparencia,plastico,transmision,policromatico,
transparencia_034,transparencia_034.jpg,transparencia_034,image/jpeg,,,,,,,,,,,,,,,,positivo,transparencia,plastico,transmision,policromatico,
transparencia_035,transparencia_035.jpg,transparencia_035,image/jpeg,,,,,,,,,,,,,,,,positivo,transparencia,plastico,transmision,policromatico,
transparencia_036,transparencia_036.jpg,transparencia_036,image/jpeg,,,,,,,,,,,,,,,,positivo,transparencia,plastico,transmision,policromatico,
transparencia_037,transparencia_037.jpg,transparencia_037,image/jpeg,,,,,,,,,,,,,,,,positivo,transparencia,plastico,transmision,policromatico,
transparencia_038,transparencia_038.jpg,transparencia_038,image/jpeg,,,,,,,,,,,,,,,,positivo,transparencia,plastico,transmision,policromatico,
transparencia_039,transparencia_039.jpg,transparencia_039,image/jpeg,,,,,,,,,,,,,,,,positivo,transparencia,plastico,transmision,policromatico,
transparencia_040,transparencia_040.jpg,transparencia_040,image/jpeg,,,,,,,,,,,,,,,,positivo,transparencia,plastico,transmision,policromatico,
transparencia_041,transparencia_041.jpg,transparencia_041,image/jpeg,,,,,,,,,,,,,,,,positivo,transparencia,plastico,transmision,policromatico,
transparencia_042,transparencia_042.jpg,transparencia_042,image/jpeg,,,,,,,,,,,,,,,,positivo,transparencia,plastico,transmision,policromatico,
transparencia_043,transparencia_043.jpg,transparencia_043,image/jpeg,,,,,,,,,,,,,,,,positivo,transparencia,plastico,transmision,policromatico,
transparencia_044,transparencia_044.jpg,transparencia_044,image/jpeg,,,,,,,,,,,,,,,,positivo,transparencia,plastico,transmision,policromatico,
transparencia_045,transparencia_045.jpg,transparencia_045,image/jpeg,,,,,,,,,,,,,,,,positivo,transparencia,plastico,transmision,policromatico,
transparencia_046,transparencia_046.jpg,transparencia_046,image/jpeg,,,,,,,,,,,,,,,,positivo,transparencia,plastico,transmision,policromatico,
transparencia_047,transparencia_047.jpg,transparencia_047,image/jpeg,,,,,,,,,,,,,,,,positivo,transparencia,plastico,transmision,policromatico,
transparencia_048,transparencia_048.jpg,transparencia_048,image/jpeg,,,,,,,,,,,,,,,,positivo,transparencia,plastico,transmision,policromatico,
transparencia_049,transparencia_049.jpg,transparencia_049,image/jpeg,,,,,,,,,,,,,,,,positivo,transparencia,plastico,transmision,policromatico,
transparencia_050,transparencia_050.jpg,transparencia_050,image/jpeg,,,,,,,,,,,,,,,,positivo,transparencia,plastico,transmision,policromatico,
transparencia_051,transparencia_051.jpg,transparencia_051,image/jpeg,,,,,,,,,,,,,,,,positivo,transparencia,plastico,transmision,policromatico,
transparencia_052,transparencia_052.jpg,transparencia_052,image/jpeg,,,,,,,,,,,,,,,,positivo,transparencia,plastico,transmision,policromatico,
transparencia_053,transparencia_053.jpg,transparencia_053,image/jpeg,,,,,,,,,,,,,,,,positivo,transparencia,plastico,transmision,policromatico,
transparencia_054,transparencia_054.jpg,transparencia_054,image/jpeg,,,,,,,,,,,,,,,,positivo,transparencia,plastico,transmision,policromatico,
transparencia_055,transparencia_055.jpg,transparencia_055,image/jpeg,,,,,,,,,,,,,,,,positivo,transparencia,plastico,transmision,policromatico,
transparencia_056,transparencia_056.jpg,transparencia_056,image/jpeg,,,,,,,,,,,,,,,,positivo,transparencia,plastico,transmision,policromatico,
transparencia_057,transparencia_057.jpg,transparencia_057,image/jpeg,,,,,,,,,,,,,,,,positivo,transparencia,plastico,transmision,policromatico,
transparencia_058,transparencia_058.jpg,transparencia_058,image/jpeg,,,,,,,,,,,,,,,,positivo,transparencia,plastico,transmision,policromatico,
transparencia_059,transparencia_059.jpg,transparencia_059,image/jpeg,,,,,,,,,,,,,,,,positivo,transparencia,plastico,transmision,policromatico,
transparencia_060,transparencia_060.jpg,transparencia_060,image/jpeg,,,,,,,,,,,,,,,,positivo,transparencia,plastico,transmision,policromatico,
transparencia_061,transparencia_061.jpg,transparencia_061,image/jpeg,,,,,,,,,,,,,,,,positivo,transparencia,plastico,transmision,policromatico,
transparencia_062,transparencia_062.jpg,transparencia_062,image/jpeg,,,,,,,,,,,,,,,,positivo,transparencia,plastico,transmision,policromatico,
transparencia_063,transparencia_063.jpg,transparencia_063,image/jpeg,,,,,,,,,,,,,,,,positivo,transparencia,plastico,transmision,policromatico,
transparencia_064,transparencia_064.jpg,transparencia_064,image/jpeg,,,,,,,,,,,,,,,,positivo,transparencia,plastico,transmision,policromatico,
transparencia_065,transparencia_065.jpg,transparencia_065,image/jpeg,,,,,,,,,,,,,,,,positivo,transparencia,plastico,transmision,policromatico,
transparencia_066,transparencia_066.jpg,transparencia_066,image/jpeg,,,,,,,,,,,,,,,,positivo,transparencia,plastico,transmision,policromatico,
transparencia_067,transparencia_067.jpg,transparencia_067,image/jpeg,,,,,,,,,,,,,,,,positivo,transparencia,plastico,transmision,policromatico,
transparencia_068,transparencia_068.jpg,transparencia_068,image/jpeg,,,,,,,,,,,,,,,,positivo,transparencia,plastico,transmision,policromatico,
transparencia_069,transparencia_069.jpg,transparencia_069,image/jpeg,,,,,,,,,,,,,,,,positivo,transparencia,plastico,transmision,policromatico,
transparencia_070,transparencia_070.jpg,transparencia_070,image/jpeg,,,,,,,,,,,,,,,,positivo,transparencia,plastico,transmision,policromatico,
transparencia_071,transparencia_071.jpg,transparencia_071,image/jpeg,,,,,,,,,,,,,,,,positivo,transparencia,plastico,transmision,policromatico,
transparencia_072,transparencia_072.jpg,transparencia_072,image/jpeg,,,,,,,,,,,,,,,,positivo,transparencia,plastico,transmision,policromatico,
transparencia_073,transparencia_073.jpg,transparencia_073,image/jpeg,,,,,,,,,,,,,,,,positivo,transparencia,plastico,transmision,policromatico,
transparencia_074,transparencia_074.jpg,transparencia_074,image/jpeg,,,,,,,,,,,,,,,,positivo,transparencia,vidrio,transmision,policromatico,
transparencia_075,transparencia_075.jpg,transparencia_075,image/jpeg,,,,,,,,,,,,,,,,positivo,transparencia,vidrio,transmision,policromatico,
transparencia_076,transparencia_076.jpg,transparencia_076,image/jpeg,,,,,,,,,,,,,,,,positivo,transparencia,vidrio,transmision,policromatico,
negativo_001,negativo_001.jpg,negativo_001,image/jpeg,,,,,,,,,,,,,,,,negativo,negativo,plastico,transmisión,monocromatico,
negativo_002,negativo_002.jpg,negativo_002,image/jpeg,,,,,,,,,,,,,,,,negativo,negativo,plastico,transmisión,monocromatico,
negativo_003,negativo_003.jpg,negativo_003,image/jpeg,,,,,,,,,,,,,,,,negativo,negativo,plastico,transmisión,monocromatico,
negativo_004,negativo_004.jpg,negativo_004,image/jpeg,,,,,,,,,,,,,,,,negativo,negativo,plastico,transmisión,monocromatico,
negativo_005,negativo_005.jpg,negativo_005,image/jpeg,,,,,,,,,,,,,,,,negativo,negativo,plastico,transmisión,monocromatico,
negativo_006,negativo_006.jpg,negativo_006,image/jpeg,,,,,,,,,,,,,,,,negativo,negativo,plastico,transmisión,monocromatico,
negativo_007,negativo_007.jpg,negativo_007,image/jpeg,,,,,,,,,,,,,,,,negativo,negativo,plastico,transmisión,monocromatico,
negativo_008,negativo_008.jpg,negativo_008,image/jpeg,,,,,,,,,,,,,,,,negativo,negativo,plastico,transmisión,monocromatico,
negativo_009,negativo_009.jpg,negativo_009,image/jpeg,,,,,,,,,,,,,,,,negativo,negativo,plastico,transmisión,monocromatico,
negativo_010,negativo_010.jpg,negativo_010,image/jpeg,,,,,,,,,,,,,,,,negativo,negativo,plastico,transmisión,monocromatico,
negativo_024,negativo_024.jpg,negativo_024,image/jpeg,,,,,,,,,,,,,,,,negativo,negativo,vidrio,transmisión,monocromatico,
negativo_025,negativo_025.jpg,negativo_025,image/jpeg,,,,,,,,,,,,,,,,negativo,negativo,vidrio,transmisión,monocromatico,
negativo_026,negativo_026.jpg,negativo_026,image/jpeg,,,,,,,,,,,,,,,,negativo,negativo,vidrio,transmisión,monocromatico,
negativo_027,negativo_027.jpg,negativo_027,image/jpeg,,,,,,,,,,,,,,,,negativo,negativo,vidrio,transmisión,monocromatico,
negativo_028,negativo_028.jpg,negativo_028,image/jpeg,,,,,,,,,,,,,,,,negativo,negativo,vidrio,transmisión,monocromatico,
negativo_029,negativo_029.jpg,negativo_029,image/jpeg,,,,,,,,,,,,,,,,negativo,negativo,vidrio,transmisión,monocromatico,
negativo_030,negativo_030.jpg,negativo_030,image/jpeg,,,,,,,,,,,,,,,,negativo,negativo,vidrio,transmisión,monocromatico,
negativo_031,negativo_031.jpg,negativo_031,image/jpeg,,,,,,,,,,,,,,,,negativo,negativo,vidrio,transmisión,monocromatico,
negativo_032,negativo_032.jpg,negativo_032,image/jpeg,,,,,,,,,,,,,,,,negativo,negativo,plastico,transmisión,monocromatico,
negativo_033,negativo_033.jpg,negativo_033,image/jpeg,,,,,,,,,,,,,,,,negativo,negativo,plastico,transmisión,monocromatico,
negativo_034,negativo_034.jpg,negativo_034,image/jpeg,,,,,,,,,,,,,,,,negativo,negativo,plastico,transmisión,monocromatico,
negativo_035,negativo_035.jpg,negativo_035,image/jpeg,,,,,,,,,,,,,,,,negativo,negativo,plastico,transmisión,monocromatico,
negativo_036,negativo_036.jpg,negativo_036,image/jpeg,,,,,,,,,,,,,,,,negativo,negativo,plastico,transmisión,monocromatico,
negativo_037,negativo_037.jpg,negativo_037,image/jpeg,,,,,,,,,,,,,,,,negativo,negativo,plastico,transmisión,monocromatico,
negativo_038,negativo_038.jpg,negativo_038,image/jpeg,,,,,,,,,,,,,,,,negativo,negativo,plastico,transmisión,monocromatico,
negativo_039,negativo_039.jpg,negativo_039,image/jpeg,,,,,,,,,,,,,,,,negativo,negativo,plastico,transmisión,monocromatico,
negativo_040,negativo_040.jpg,negativo_040,image/jpeg,,,,,,,,,,,,,,,,negativo,negativo,plastico,transmisión,monocromatico,
negativo_041,negativo_041.jpg,negativo_041,image/jpeg,,,,,,,,,,,,,,,,negativo,negativo,plastico,transmisión,monocromatico,
negativo_042,negativo_042.jpg,negativo_042,image/jpeg,,,,,,,,,,,,,,,,negativo,negativo,plastico,transmisión,monocromatico,
negativo_043,negativo_043.jpg,negativo_043,image/jpeg,,,,,,,,,,,,,,,,negativo,negativo,plastico,transmisión,monocromatico,
negativo_044,negativo_044.jpg,negativo_044,image/jpeg,,,,,,,,,,,,,,,,negativo,negativo,plastico,transmisión,monocromatico,
negativo_045,negativo_045.jpg,negativo_045,image/jpeg,,,,,,,,,,,,,,,,negativo,negativo,plastico,transmisión,monocromatico,
negativo_046,negativo_046.jpg,negativo_046,image/jpeg,,,,,,,,,,,,,,,,negativo,negativo,plastico,transmisión,monocromatico,
negativo_047,negativo_047.jpg,negativo_047,image/jpeg,,,,,,,,,,,,,,,,negativo,negativo,plastico,transmisión,monocromatico,
negativo_048,negativo_048.jpg,negativo_048,image/jpeg,,,,,,,,,,,,,,,,negativo,negativo,plastico,transmisión,monocromatico,
negativo_049,negativo_049.jpg,negativo_049,image/jpeg,,,,,,,,,,,,,,,,negativo,negativo,plastico,transmisión,monocromatico,
negativo_050,negativo_050.jpg,negativo_050,image/jpeg,,,,,,,,,,,,,,,,negativo,negativo,plastico,transmisión,monocromatico,
negativo_051,negativo_051.jpg,negativo_051,image/jpeg,,,,,,,,,,,,,,,,negativo,negativo,plastico,transmisión,monocromatico,
negativo_052,negativo_052.jpg,negativo_052,image/jpeg,,,,,,,,,,,,,,,,negativo,negativo,plastico,transmisión,monocromatico,
negativo_053,negativo_053.jpg,negativo_053,image/jpeg,,,,,,,,,,,,,,,,negativo,negativo,plastico,transmisión,monocromatico,
negativo_054,negativo_054.jpg,negativo_054,image/jpeg,,,,,,,,,,,,,,,,negativo,negativo,plastico,transmisión,monocromatico,
negativo_055,negativo_055.jpg,negativo_055,image/jpeg,,,,,,,,,,,,,,,,negativo,negativo,plastico,transmisión,monocromatico,
negativo_056,negativo_056.jpg,negativo_056,image/jpeg,,,,,,,,,,,,,,,,negativo,negativo,plastico,transmisión,monocromatico,
negativo_057,negativo_057.jpg,negativo_057,image/jpeg,,,,,,,,,,,,,,,,negativo,negativo,plastico,transmisión,monocromatico,
negativo_058,negativo_058.jpg,negativo_058,image/jpeg,,,,,,,,,,,,,,,,negativo,negativo,plastico,transmisión,monocromatico,
negativo_059,negativo_059.jpg,negativo_059,image/jpeg,,,,,,,,,,,,,,,,negativo,negativo,plastico,transmisión,monocromatico,
negativo_060,negativo_060.jpg,negativo_060,image/jpeg,,,,,,,,,,,,,,,,negativo,negativo,plastico,transmisión,monocromatico,
negativo_061,negativo_061.jpg,negativo_061,image/jpeg,,,,,,,,,,,,,,,,negativo,negativo,plastico,transmisión,monocromatico,
negativo_062,negativo_062.jpg,negativo_062,image/jpeg,,,,,,,,,,,,,,,,negativo,negativo,plastico,transmisión,monocromatico,
negativo_073,negativo_073.jpg,negativo_073,image/jpeg,,,,,,,,,,,,,,,,negativo,negativo,plastico,transmisión,policromatico,
negativo_074,negativo_074.jpg,negativo_074,image/jpeg,,,,,,,,,,,,,,,,negativo,negativo,plastico,transmisión,policromatico,
negativo_075,negativo_075.jpg,negativo_075,image/jpeg,,,,,,,,,,,,,,,,negativo,negativo,plastico,transmisión,policromatico,
negativo_076,negativo_076.jpg,negativo_076,image/jpeg,,,,,,,,,,,,,,,,negativo,negativo,plastico,transmisión,policromatico,
negativo_077,negativo_077.jpg,negativo_077,image/jpeg,,,,,,,,,,,,,,,,negativo,negativo,plastico,transmisión,policromatico,
negativo_078,negativo_078.jpg,negativo_078,image/jpeg,,,,,,,,,,,,,,,,negativo,negativo,plastico,transmisión,policromatico,
negativo_079,negativo_079.jpg,negativo_079,image/jpeg,,,,,,,,,,,,,,,,negativo,negativo,plastico,transmisión,policromatico,
negativo_080,negativo_080.jpg,negativo_080,image/jpeg,,,,,,,,,,,,,,,,negativo,negativo,plastico,transmisión,policromatico,
negativo_081,negativo_081.jpg,negativo_081,image/jpeg,,,,,,,,,,,,,,,,negativo,negativo,plastico,transmisión,policromatico,
negativo_082,negativo_082.jpg,negativo_082,image/jpeg,,,,,,,,,,,,,,,,negativo,negativo,plastico,transmisión,policromatico,
negativo_083,negativo_083.jpg,negativo_083,image/jpeg,,,,,,,,,,,,,,,,negativo,negativo,plastico,transmisión,policromatico,
negativo_084,negativo_084.jpg,negativo_084,image/jpeg,,,,,,,,,,,,,,,,negativo,negativo,plastico,transmisión,policromatico,
negativo_085,negativo_085.jpg,negativo_085,image/jpeg,,,,,,,,,,,,,,,,negativo,negativo,plastico,transmisión,policromatico,
negativo_086,negativo_086.jpg,negativo_086,image/jpeg,,,,,,,,,,,,,,,,negativo,negativo,plastico,transmisión,policromatico,
negativo_087,negativo_087.jpg,negativo_087,image/jpeg,,,,,,,,,,,,,,,,negativo,negativo,plastico,transmisión,policromatico,
negativo_088,negativo_088.jpg,negativo_088,image/jpeg,,,,,,,,,,,,,,,,negativo,negativo,plastico,transmisión,policromatico,
negativo_089,negativo_089.jpg,negativo_089,image/jpeg,,,,,,,,,,,,,,,,negativo,negativo,plastico,transmisión,policromatico,
negativo_090,negativo_090.jpg,negativo_090,image/jpeg,,,,,,,,,,,,,,,,negativo,negativo,plastico,transmisión,policromatico,
negativo_091,negativo_091.jpg,negativo_091,image/jpeg,,,,,,,,,,,,,,,,negativo,negativo,plastico,transmisión,policromatico,
negativo_092,negativo_092.jpg,negativo_092,image/jpeg,,,,,,,,,,,,,,,,negativo,negativo,plastico,transmisión,policromatico,
negativo_093,negativo_093.jpg,negativo_093,image/jpeg,,,,,,,,,,,,,,,,negativo,negativo,plastico,transmisión,policromatico,
negativo_094,negativo_094.jpg,negativo_094,image/jpeg,,,,,,,,,,,,,,,,negativo,negativo,plastico,transmisión,policromatico,
negativo_095,negativo_095.jpg,negativo_095,image/jpeg,,,,,,,,,,,,,,,,negativo,negativo,plastico,transmisión,policromatico,
negativo_096,negativo_096.jpg,negativo_096,image/jpeg,,,,,,,,,,,,,,,,negativo,negativo,plastico,transmisión,policromatico,
impresion_002,impresion_001.jpg,impresion_002,image/jpeg,,,,,,,,,,,,,,,,positivo,impresion,papel,reflexion,monocromatico,
impresion_003,impresion_002.jpg,impresion_003,image/jpeg,,,,,,,,,,,,,,,,positivo,impresion,papel,reflexion,monocromatico,
impresion_004,impresion_003.jpg,impresion_004,image/jpeg,,,,,,,,,,,,,,,,positivo,impresion,papel,reflexion,monocromatico,
impresion_005,impresion_004.jpg,impresion_005,image/jpeg,,,,,,,,,,,,,,,,positivo,impresion,papel,reflexion,monocromatico,
impresion_006,impresion_005.jpg,impresion_006,image/jpeg,,,,,,,,,,,,,,,,positivo,impresion,papel,reflexion,monocromatico,
impresion_007,impresion_006.jpg,impresion_007,image/jpeg,,,,,,,,,,,,,,,,positivo,impresion,papel,reflexion,policromatico,
impresion_008,impresion_007.jpg,impresion_008,image/jpeg,,,,,,,,,,,,,,,,positivo,impresion,papel,reflexion,policromatico,
impresion_009,impresion_008.jpg,impresion_009,image/jpeg,,,,,,,,,,,,,,,,positivo,impresion,papel,reflexion,policromatico,
impresion_010,impresion_009.jpg,impresion_010,image/jpeg,,,,,,,,,,,,,,,,positivo,impresion,papel,reflexion,policromatico,
impresion_011,impresion_010.jpg,impresion_011,image/jpeg,,,,,,,,,,,,,,,,positivo,impresion,papel,reflexion,policromatico,
impresion_012,impresion_011.jpg,impresion_012,image/jpeg,,,,,,,,,,,,,,,,positivo,impresion,papel,reflexion,policromatico,
impresion_013,impresion_012.jpg,impresion_013,image/jpeg,,,,,,,,,,,,,,,,positivo,impresion,papel,reflexion,policromatico,
impresion_014,impresion_013.jpg,impresion_014,image/jpeg,,,,,,,,,,,,,,,,positivo,impresion,papel,reflexion,monocromatico,
impresion_015,impresion_014.jpg,impresion_015,image/jpeg,,,,,,,,,,,,,,,,positivo,impresion,papel,reflexion,monocromatico,
impresion_016,impresion_015.jpg,impresion_016,image/jpeg,,,,,,,,,,,,,,,,positivo,impresion,papel,reflexion,monocromatico,
impresion_017,impresion_016.jpg,impresion_017,image/jpeg,,,,,,,,,,,,,,,,positivo,impresion,papel,reflexion,monocromatico,
impresion_018,impresion_017.jpg,impresion_018,image/jpeg,,,,,,,,,,,,,,,,positivo,impresion,papel,reflexion,monocromatico,
impresion_019,impresion_018.jpg,impresion_019,image/jpeg,,,,,,,,,,,,,,,,positivo,impresion,papel,reflexion,monocromatico,
impresion_020,impresion_019.jpg,impresion_020,image/jpeg,,,,,,,,,,,,,,,,positivo,impresion,papel,reflexion,monocromatico,
impresion_021,impresion_020.jpg,impresion_021,image/jpeg,,,,,,,,,,,,,,,,positivo,impresion,papel,reflexion,monocromatico,
impresion_022,impresion_021.jpg,impresion_022,image/jpeg,,,,,,,,,,,,,,,,positivo,impresion,papel,reflexion,monocromatico,
impresion_023,impresion_022.jpg,impresion_023,image/jpeg,,,,,,,,,,,,,,,,positivo,impresion,papel,reflexion,monocromatico,
impresion_024,impresion_023.jpg,impresion_024,image/jpeg,,,,,,,,,,,,,,,,positivo,impresion,papel,reflexion,monocromatico,
impresion_025,impresion_024.jpg,impresion_025,image/jpeg,,,,,,,,,,,,,,,,positivo,impresion,papel,reflexion,monocromatico,
impresion_026,impresion_025.jpg,impresion_026,image/jpeg,,,,,,,,,,,,,,,,positivo,impresion,papel,reflexion,monocromatico,
impresion_027,impresion_026.jpg,impresion_027,image/jpeg,,,,,,,,,,,,,,,,positivo,impresion,papel,reflexion,monocromatico,
impresion_028,impresion_027.jpg,impresion_028,image/jpeg,,,,,,,,,,,,,,,,positivo,impresion,papel,reflexion,monocromatico,
impresion_029,impresion_028.jpg,impresion_029,image/jpeg,,,,,,,,,,,,,,,,positivo,impresion,papel,reflexion,monocromatico,
impresion_030,impresion_029.jpg,impresion_030,image/jpeg,,,,,,,,,,,,,,,,positivo,impresion,papel,reflexion,monocromatico,
impresion_031,impresion_030.jpg,impresion_031,image/jpeg,,,,,,,,,,,,,,,,positivo,impresion,papel,reflexion,policromatico,
impresion_032,impresion_031.jpg,impresion_032,image/jpeg,,,,,,,,,,,,,,,,positivo,impresion,papel,reflexion,policromatico,
impresion_033,impresion_032.jpg,impresion_033,image/jpeg,,,,,,,,,,,,,,,,positivo,impresion,papel,reflexion,policromatico,
impresion_034,impresion_033.jpg,impresion_034,image/jpeg,,,,,,,,,,,,,,,,positivo,impresion,papel,reflexion,policromatico,
impresion_035,impresion_034.jpg,impresion_035,image/jpeg,,,,,,,,,,,,,,,,positivo,impresion,papel,reflexion,policromatico,
impresion_036,impresion_035.jpg,impresion_036,image/jpeg,,,,,,,,,,,,,,,,positivo,impresion,papel,reflexion,policromatico,
impresion_037,impresion_036.jpg,impresion_037,image/jpeg,,,,,,,,,,,,,,,,positivo,impresion,papel,reflexion,policromatico,
impresion_038,impresion_037.jpg,impresion_038,image/jpeg,,,,,,,,,,,,,,,,positivo,impresion,papel,reflexion,policromatico,
impresion_039,impresion_038.jpg,impresion_039,image/jpeg,,,,,,,,,,,,,,,,positivo,impresion,papel,reflexion,policromatico,
impresion_040,impresion_039.jpg,impresion_040,image/jpeg,,,,,,,,,,,,,,,,positivo,impresion,papel,reflexion,monocromatico,
impresion_041,impresion_040.jpg,impresion_041,image/jpeg,,,,,,,,,,,,,,,,positivo,impresion,papel,reflexion,policromatico,
impresion_042,impresion_041.jpg,impresion_042,image/jpeg,,,,,,,,,,,,,,,,positivo,impresion,papel,reflexion,policromatico,
impresion_043,impresion_042.jpg,impresion_043,image/jpeg,,,,,,,,,,,,,,,,positivo,impresion,papel,reflexion,policromatico,
impresion_044,impresion_043.jpg,impresion_044,image/jpeg,,,,,,,,,,,,,,,,positivo,impresion,papel,reflexion,policromatico,
impresion_045,impresion_044.jpg,impresion_045,image/jpeg,,,,,,,,,,,,,,,,positivo,impresion,papel,reflexion,monocromatico,
impresion_047,impresion_045.jpg,impresion_047,image/jpeg,,,,,,,,,,,,,,,,positivo,impresion,papel,reflexion,monocromatico,
impresion_048,impresion_047.jpg,impresion_048,image/jpeg,,,,,,,,,,,,,,,,positivo,impresion,papel,reflexion,monocromatico,
impresion_050,impresion_048.jpg,impresion_050,image/jpeg,,,,,,,,,,,,,,,,positivo,impresion,papel,reflexion,monocromatico,
impresion_051,impresion_050.jpg,impresion_051,image/jpeg,,,,,,,,,,,,,,,,positivo,impresion,papel,reflexion,monocromatico,
impresion_052,impresion_051.jpg,impresion_052,image/jpeg,,,,,,,,,,,,,,,,positivo,impresion,papel,reflexion,monocromatico,
impresion_053,impresion_052.jpg,impresion_053,image/jpeg,,,,,,,,,,,,,,,,positivo,impresion,papel,reflexion,monocromatico,
impresion_054,impresion_053.jpg,impresion_054,image/jpeg,,,,,,,,,,,,,,,,positivo,impresion,papel,reflexion,monocromatico,
impresion_055,impresion_054.jpg,impresion_055,image/jpeg,,,,,,,,,,,,,,,,positivo,impresion,papel,reflexion,monocromatico,
impresion_056,impresion_055.jpg,impresion_056,image/jpeg,,,,,,,,,,,,,,,,positivo,impresion,papel,reflexion,monocromatico,
impresion_057,impresion_056.jpg,impresion_057,image/jpeg,,,,,,,,,,,,,,,,positivo,impresion,papel,reflexion,monocromatico,
impresion_058,impresion_057.jpg,impresion_058,image/jpeg,,,,,,,,,,,,,,,,positivo,impresion,papel,reflexion,monocromatico,
impresion_059,impresion_058.jpg,impresion_059,image/jpeg,,,,,,,,,,,,,,,,positivo,impresion,papel,reflexion,monocromatico,
impresion_060,impresion_059.jpg,impresion_060,image/jpeg,,,,,,,,,,,,,,,,positivo,impresion,papel,reflexion,monocromatico,
impresion_061,impresion_060.jpg,impresion_061,image/jpeg,,,,,,,,,,,,,,,,positivo,impresion,papel,reflexion,monocromatico,
impresion_062,impresion_061.jpg,impresion_062,image/jpeg,,,,,,,,,,,,,,,,positivo,impresion,papel,reflexion,monocromatico,
impresion_063,impresion_062.jpg,impresion_063,image/jpeg,,,,,,,,,,,,,,,,positivo,impresion,papel,reflexion,monocromatico,
impresion_064,impresion_063.jpg,impresion_064,image/jpeg,,,,,,,,,,,,,,,,positivo,impresion,papel,reflexion,monocromatico,
impresion_065,impresion_064.jpg,impresion_065,image/jpeg,,,,,,,,,,,,,,,,positivo,impresion,papel,reflexion,monocromatico,
impresion_066,impresion_065.jpg,impresion_066,image/jpeg,,,,,,,,,,,,,,,,positivo,impresion,papel,reflexion,monocromatico,
impresion_067,impresion_066.jpg,impresion_067,image/jpeg,,,,,,,,,,,,,,,,positivo,impresion,papel,reflexion,monocromatico,
impresion_068,impresion_067.jpg,impresion_068,image/jpeg,,,,,,,,,,,,,,,,positivo,impresion,papel,reflexion,monocromatico,
impresion_069,impresion_068.jpg,impresion_069,image/jpeg,,,,,,,,,,,,,,,,positivo,impresion,papel,reflexion,monocromatico,
impresion_070,impresion_069.jpg,impresion_070,image/jpeg,,,,,,,,,,,,,,,,positivo,impresion,papel,reflexion,monocromatico,
impresion_071,impresion_070.jpg,impresion_071,image/jpeg,,,,,,,,,,,,,,,,positivo,impresion,papel,reflexion,monocromatico,
impresion_072,impresion_071.jpg,impresion_072,image/jpeg,,,,,,,,,,,,,,,,positivo,impresion,papel,reflexion,monocromatico,
impresion_073,impresion_072.jpg,impresion_073,image/jpeg,,,,,,,,,,,,,,,,positivo,impresion,papel,reflexion,monocromatico,
impresion_074,impresion_073.jpg,impresion_074,image/jpeg,,,,,,,,,,,,,,,,positivo,impresion,papel,reflexion,monocromatico,
impresion_075,impresion_074.jpg,impresion_075,image/jpeg,,,,,,,,,,,,,,,,positivo,impresion,papel,reflexion,monocromatico,
impresion_076,impresion_075.jpg,impresion_076,image/jpeg,,,,,,,,,,,,,,,,positivo,impresion,papel,reflexion,monocromatico,
impresion_077,impresion_076.jpg,impresion_077,image/jpeg,,,,,,,,,,,,,,,,positivo,impresion,papel,reflexion,monocromatico,
impresion_078,impresion_077.jpg,impresion_078,image/jpeg,,,,,,,,,,,,,,,,positivo,impresion,papel,reflexion,monocromatico,
impresion_079,impresion_078.jpg,impresion_079,image/jpeg,,,,,,,,,,,,,,,,positivo,impresion,papel,reflexion,monocromatico,
impresion_080,impresion_079.jpg,impresion_080,image/jpeg,,,,,,,,,,,,,,,,positivo,impresion,papel,reflexion,monocromatico,
impresion_081,impresion_080.jpg,impresion_081,image/jpeg,,,,,,,,,,,,,,,,positivo,impresion,papel,reflexion,monocromatico,
impresion_082,impresion_081.jpg,impresion_082,image/jpeg,,,,,,,,,,,,,,,,positivo,impresion,papel,reflexion,monocromatico,
impresion_083,impresion_082.jpg,impresion_083,image/jpeg,,,,,,,,,,,,,,,,positivo,impresion,papel,reflexion,monocromatico,
impresion_084,impresion_083.jpg,impresion_084,image/jpeg,,,,,,,,,,,,,,,,positivo,impresion,papel,reflexion,monocromatico,
impresion_085,impresion_084.jpg,impresion_085,image/jpeg,,,,,,,,,,,,,,,,positivo,impresion,papel,reflexion,monocromatico,
impresion_086,impresion_085.jpg,impresion_086,image/jpeg,,,,,,,,,,,,,,,,positivo,impresion,papel,reflexion,monocromatico,
impresion_087,impresion_086.jpg,impresion_087,image/jpeg,,,,,,,,,,,,,,,,positivo,impresion,papel,reflexion,monocromatico,
impresion_088,impresion_087.jpg,impresion_088,image/jpeg,,,,,,,,,,,,,,,,positivo,impresion,papel,reflexion,monocromatico,
impresion_089,impresion_088.jpg,impresion_089,image/jpeg,,,,,,,,,,,,,,,,positivo,impresion,papel,reflexion,monocromatico,
impresion_090,impresion_089.jpg,impresion_090,image/jpeg,,,,,,,,,,,,,,,,positivo,impresion,papel,reflexion,monocromatico,
impresion_091,impresion_090.jpg,impresion_091,image/jpeg,,,,,,,,,,,,,,,,positivo,impresion,papel,reflexion,monocromatico,
impresion_092,impresion_091.jpg,impresion_092,image/jpeg,,,,,,,,,,,,,,,,positivo,impresion,papel,reflexion,monocromatico,
impresion_093,impresion_092.jpg,impresion_093,image/jpeg,,,,,,,,,,,,,,,,positivo,impresion,papel,reflexion,monocromatico,
impresion_094,impresion_093.jpg,impresion_094,image/jpeg,,,,,,,,,,,,,,,,positivo,impresion,papel,reflexion,monocromatico,
impresion_095,impresion_094.jpg,impresion_095,image/jpeg,,,,,,,,,,,,,,,,positivo,impresion,papel,reflexion,monocromatico,
impresion_096,impresion_095.jpg,impresion_096,image/jpeg,,,,,,,,,,,,,,,,positivo,impresion,papel,reflexion,monocromatico,
impresion_097,impresion_096.jpg,impresion_097,image/jpeg,,,,,,,,,,,,,,,,positivo,impresion,papel,reflexion,policromatico,
impresion_098,impresion_097.jpg,impresion_098,image/jpeg,,,,,,,,,,,,,,,,positivo,impresion,plastico,reflexion,policromatico,
impresion_099,impresion_098.jpg,impresion_099,image/jpeg,,,,,,,,,,,,,,,,positivo,impresion,plastico,reflexion,policromatico,
impresion_100,impresion_099.jpg,impresion_100,image/jpeg,,,,,,,,,,,,,,,,positivo,impresion,plastico,reflexion,policromatico,
impresion_101,impresion_100.jpg,impresion_101,image/jpeg,,,,,,,,,,,,,,,,positivo,impresion,plastico,reflexion,policromatico,
impresion_102,impresion_101.jpg,impresion_102,image/jpeg,,,,,,,,,,,,,,,,positivo,impresion,plastico,reflexion,policromatico,
impresion_103,impresion_102.jpg,impresion_103,image/jpeg,,,,,,,,,,,,,,,,positivo,impresion,,reflexion,,
impresion_104,impresion_103.jpg,impresion_104,image/jpeg,,,,,,,,,,,,,,,,positivo,impresion,,reflexion,,
impresion_105,impresion_104.jpg,impresion_105,image/jpeg,,,,,,,,,,,,,,,,positivo,impresion,,reflexion,,
impresion_106,impresion_105.jpg,impresion_106,image/jpeg,,,,,,,,,,,,,,,,positivo,impresion,,reflexion,,
impresion_107,impresion_106.jpg,impresion_107,image/jpeg,,,,,,,,,,,,,,,,positivo,impresion,,reflexion,,
impresion_108,impresion_107.jpg,impresion_108,image/jpeg,,,,,,,,,,,,,,,,positivo,impresion,,reflexion,,
impresion_109,impresion_108.jpg,impresion_109,image/jpeg,,,,,,,,,,,,,,,,positivo,impresion,,reflexion,,
impresion_110,impresion_109.jpg,impresion_110,image/jpeg,,,,,,,,,,,,,,,,positivo,impresion,,reflexion,,
impresion_111,impresion_110.jpg,impresion_111,image/jpeg,,,,,,,,,,,,,,,,positivo,impresion,,reflexion,,
impresion_112,impresion_111.jpg,impresion_112,image/jpeg,,,,,,,,,,,,,,,,positivo,impresion,,reflexion,,
impresion_113,impresion_112.jpg,impresion_113,image/jpeg,,,,,,,,,,,,,,,,positivo,impresion,,reflexion,,
impresion_114,impresion_113.jpg,impresion_114,image/jpeg,,,,,,,,,,,,,,,,positivo,impresion,,reflexion,,
impresion_115,impresion_114.jpg,impresion_115,image/jpeg,,,,,,,,,,,,,,,,positivo,impresion,,reflexion,,
impresion_116,impresion_115.jpg,impresion_116,image/jpeg,,,,,,,,,,,,,,,,positivo,impresion,,reflexion,,
impresion_117,impresion_116.jpg,impresion_117,image/jpeg,,,,,,,,,,,,,,,,positivo,impresion,,reflexion,,
impresion_118,impresion_117.jpg,impresion_118,image/jpeg,,,,,,,,,,,,,,,,positivo,impresion,,reflexion,,
impresion_119,impresion_118.jpg,impresion_119,image/jpeg,,,,,,,,,,,,,,,,positivo,impresion,,reflexion,,
impresion_120,impresion_119.jpg,impresion_120,image/jpeg,,,,,,,,,,,,,,,,positivo,impresion,,reflexion,,
impresion_121,impresion_120.jpg,impresion_121,image/jpeg,,,,,,,,,,,,,,,,positivo,impresion,,reflexion,,
impresion_122,impresion_121.jpg,impresion_122,image/jpeg,,,,,,,,,,,,,,,,positivo,impresion,,reflexion,,
impresion_123,impresion_122.jpg,impresion_123,image/jpeg,,,,,,,,,,,,,,,,positivo,impresion,,reflexion,,
impresion_124,impresion_123.jpg,impresion_124,image/jpeg,,,,,,,,,,,,,,,,positivo,impresion,,reflexion,,
impresion_125,impresion_124.jpg,impresion_125,image/jpeg,,,,,,,,,,,,,,,,positivo,impresion,,reflexion,,
impresion_126,impresion_125.jpg,impresion_126,image/jpeg,,,,,,,,,,,,,,,,positivo,impresion,,reflexion,,
impresion_127,impresion_126.jpg,impresion_127,image/jpeg,,,,,,,,,,,,,,,,positivo,impresion,,reflexion,,
impresion_128,impresion_127.jpg,impresion_128,image/jpeg,,,,,,,,,,,,,,,,positivo,impresion,,reflexion,,
impresion_129,impresion_128.jpg,impresion_129,image/jpeg,,,,,,,,,,,,,,,,positivo,impresion,,reflexion,,
impresion_130,impresion_129.jpg,impresion_130,image/jpeg,,,,,,,,,,,,,,,,positivo,impresion,,reflexion,,
impresion_131,impresion_130.jpg,impresion_131,image/jpeg,,,,,,,,,,,,,,,,positivo,impresion,,reflexion,,
impresion_132,impresion_131.jpg,impresion_132,image/jpeg,,,,,,,,,,,,,,,,positivo,impresion,,reflexion,,
,impresion_132.jpg,impresion_132,image/jpeg,,,,,,,,,,,,,,,,positivo,impresion,,reflexion,,
